﻿<LinkSources version="1.02">
  <page ID="B0D3389A-5C16-4C5A-B4DE-E1E7FE753642">
    <linkSource sourcePageID="1A7F13FF-9B5C-4303-905B-06A581261766" comID="F03E963E-A6D4-428A-BE59-9EB2AD5BDEBC" comLinkType="cltPageLink"/>
    <linkSource sourcePageID="1090C9DE-8C4D-4541-B526-FBFB1F73C9F1" comID="F03E963E-A6D4-428A-BE59-9EB2AD5BDEBC" comLinkType="cltPageLink"/>
    <linkSource sourcePageID="A07D48D7-2FA8-423E-A0BE-D61E48430FF9" comID="F03E963E-A6D4-428A-BE59-9EB2AD5BDEBC" comLinkType="cltPageLink"/>
    <linkSource sourcePageID="802FCCEE-4E2D-4A7E-B7D9-985C169947E5" comID="F03E963E-A6D4-428A-BE59-9EB2AD5BDEBC" comLinkType="cltPageLink"/>
    <linkSource sourcePageID="0ED1F560-B772-4BFD-A610-87330E997B53" comID="45970866-CBD0-404D-A2F9-E52B93F753AE" comLinkType="cltPageLink"/>
    <linkSource sourcePageID="6FE89C2B-5320-42AF-8B7A-44F93E3E9B01" comID="45970866-CBD0-404D-A2F9-E52B93F753AE" comLinkType="cltPageLink"/>
    <linkSource sourcePageID="9C39F331-97C4-49D7-B188-585930FA4733" comID="45970866-CBD0-404D-A2F9-E52B93F753AE" comLinkType="cltPageLink"/>
    <linkSource sourcePageID="547D35B1-E9D0-4F15-8F28-EBA07E0AD64B" comID="45970866-CBD0-404D-A2F9-E52B93F753AE" comLinkType="cltPageLink"/>
    <linkSource sourcePageID="FC0984D9-4608-425F-90CA-3A9150CFE959" comID="45970866-CBD0-404D-A2F9-E52B93F753AE" comLinkType="cltPageLink"/>
    <linkSource sourcePageID="9CFFFB75-F8E9-4BF3-83BA-93B58FAAC31C" comID="45970866-CBD0-404D-A2F9-E52B93F753AE" comLinkType="cltPageLink"/>
    <linkSource sourcePageID="1FE23CE2-2E07-465C-95F3-6733A40FC792" comID="45970866-CBD0-404D-A2F9-E52B93F753AE" comLinkType="cltPageLink"/>
    <linkSource sourcePageID="0294572D-4EBB-4926-8676-FD3E746392B3" comID="45970866-CBD0-404D-A2F9-E52B93F753AE" comLinkType="cltPageLink"/>
    <linkSource sourcePageID="70438B9B-EEFB-4B70-A68E-E43868E0F481" comID="45970866-CBD0-404D-A2F9-E52B93F753AE" comLinkType="cltPageLink"/>
    <linkSource sourcePageID="1A7F13FF-9B5C-4303-905B-06A581261766" comID="85136D4E-ACFE-4CA7-B40E-2CEDEA01E410" comLinkType="cltPageLink"/>
    <linkSource sourcePageID="B8DB6ED8-FD9B-444A-AAF3-7BD42645D0AE" comID="45970866-CBD0-404D-A2F9-E52B93F753AE" comLinkType="cltPageLink"/>
    <linkSource sourcePageID="E5EAE05C-94FF-4A79-8844-95D5C20669D3" comID="45970866-CBD0-404D-A2F9-E52B93F753AE" comLinkType="cltPageLink"/>
    <linkSource sourcePageID="7CD7E557-73AA-4E47-9CDF-1A13FB94B0A9" comID="45970866-CBD0-404D-A2F9-E52B93F753AE" comLinkType="cltPageLink"/>
    <linkSource sourcePageID="2838F0D0-F5EE-446B-9EAE-A4151889D5B5" comID="45970866-CBD0-404D-A2F9-E52B93F753AE" comLinkType="cltPageLink"/>
    <linkSource sourcePageID="CFD9FC20-495E-48DA-A31A-D8B557F035B6" comID="45970866-CBD0-404D-A2F9-E52B93F753AE" comLinkType="cltPageLink"/>
    <linkSource sourcePageID="CD2A816E-8412-4724-AC7C-A5653C1523D2" comID="45970866-CBD0-404D-A2F9-E52B93F753AE" comLinkType="cltPageLink"/>
    <linkSource sourcePageID="10E16C79-61FC-4B04-B843-939AFF0CE8E2" comID="45970866-CBD0-404D-A2F9-E52B93F753AE" comLinkType="cltPageLink"/>
    <linkSource sourcePageID="66744859-55F2-4170-926C-009D232CF964" comID="45970866-CBD0-404D-A2F9-E52B93F753AE" comLinkType="cltPageLink"/>
    <linkSource sourcePageID="E17DAAF4-CE00-48E1-B684-EE30F4685F7C" comID="4BD2A7EC-D9B1-438B-8249-B5E66511BB6D" comLinkType="cltPageLink"/>
    <linkSource sourcePageID="E17DAAF4-CE00-48E1-B684-EE30F4685F7C" comID="EFB1A02B-3DEC-41EC-A926-6E52597E6F2C" comLinkType="cltPageLink"/>
  </page>
  <page ID="E17DAAF4-CE00-48E1-B684-EE30F4685F7C">
    <linkSource sourcePageID="CCC90543-FFDF-496C-B9E8-ACEBBAB46794" comID="F0EA877C-1F3A-4D5A-87CE-911997F72E24" comLinkType="cltPageLink"/>
    <linkSource sourcePageID="B0D3389A-5C16-4C5A-B4DE-E1E7FE753642" comID="1F638150-93B8-49FA-91E6-D0221BA019FE" comLinkType="cltPageLink"/>
  </page>
  <page ID="B8DB6ED8-FD9B-444A-AAF3-7BD42645D0AE">
    <linkSource sourcePageID="CCC90543-FFDF-496C-B9E8-ACEBBAB46794" comID="F0EA877C-1F3A-4D5A-87CE-911997F72E24" comLinkType="cltPageLink"/>
    <linkSource sourcePageID="B0D3389A-5C16-4C5A-B4DE-E1E7FE753642" comID="EAA18735-D2D0-4A91-84D7-D0113D8F3586" comLinkType="cltPageLink"/>
    <linkSource sourcePageID="B0D3389A-5C16-4C5A-B4DE-E1E7FE753642" comID="1F638150-93B8-49FA-91E6-D0221BA019FE" comLinkType="cltPageLink"/>
  </page>
  <page ID="E5EAE05C-94FF-4A79-8844-95D5C20669D3">
    <linkSource sourcePageID="CCC90543-FFDF-496C-B9E8-ACEBBAB46794" comID="F0EA877C-1F3A-4D5A-87CE-911997F72E24" comLinkType="cltPageLink"/>
    <linkSource sourcePageID="B0D3389A-5C16-4C5A-B4DE-E1E7FE753642" comID="25016600-80FE-49F1-9CAC-296AC6905D52" comLinkType="cltPageLink"/>
    <linkSource sourcePageID="B0D3389A-5C16-4C5A-B4DE-E1E7FE753642" comID="1F638150-93B8-49FA-91E6-D0221BA019FE" comLinkType="cltPageLink"/>
  </page>
  <page ID="7CD7E557-73AA-4E47-9CDF-1A13FB94B0A9">
    <linkSource sourcePageID="CCC90543-FFDF-496C-B9E8-ACEBBAB46794" comID="F0EA877C-1F3A-4D5A-87CE-911997F72E24" comLinkType="cltPageLink"/>
    <linkSource sourcePageID="B0D3389A-5C16-4C5A-B4DE-E1E7FE753642" comID="9F6A411B-4B95-4812-9469-C7478519C6E4" comLinkType="cltPageLink"/>
    <linkSource sourcePageID="B0D3389A-5C16-4C5A-B4DE-E1E7FE753642" comID="1F638150-93B8-49FA-91E6-D0221BA019FE" comLinkType="cltPageLink"/>
  </page>
  <page ID="2838F0D0-F5EE-446B-9EAE-A4151889D5B5">
    <linkSource sourcePageID="CCC90543-FFDF-496C-B9E8-ACEBBAB46794" comID="F0EA877C-1F3A-4D5A-87CE-911997F72E24" comLinkType="cltPageLink"/>
    <linkSource sourcePageID="B0D3389A-5C16-4C5A-B4DE-E1E7FE753642" comID="459A8AF3-8108-4D50-855B-CD0F7AF3C3D8" comLinkType="cltPageLink"/>
    <linkSource sourcePageID="B0D3389A-5C16-4C5A-B4DE-E1E7FE753642" comID="1F638150-93B8-49FA-91E6-D0221BA019FE" comLinkType="cltPageLink"/>
  </page>
  <page ID="CFD9FC20-495E-48DA-A31A-D8B557F035B6">
    <linkSource sourcePageID="CCC90543-FFDF-496C-B9E8-ACEBBAB46794" comID="F0EA877C-1F3A-4D5A-87CE-911997F72E24" comLinkType="cltPageLink"/>
    <linkSource sourcePageID="B0D3389A-5C16-4C5A-B4DE-E1E7FE753642" comID="0807EDA5-4540-4C73-AA46-9FCDCB330451" comLinkType="cltPageLink"/>
    <linkSource sourcePageID="B0D3389A-5C16-4C5A-B4DE-E1E7FE753642" comID="1F638150-93B8-49FA-91E6-D0221BA019FE" comLinkType="cltPageLink"/>
  </page>
  <page ID="CD2A816E-8412-4724-AC7C-A5653C1523D2">
    <linkSource sourcePageID="CCC90543-FFDF-496C-B9E8-ACEBBAB46794" comID="F0EA877C-1F3A-4D5A-87CE-911997F72E24" comLinkType="cltPageLink"/>
    <linkSource sourcePageID="B0D3389A-5C16-4C5A-B4DE-E1E7FE753642" comID="2EC12619-65E2-4950-BDFA-D616E2AC0206" comLinkType="cltPageLink"/>
    <linkSource sourcePageID="B0D3389A-5C16-4C5A-B4DE-E1E7FE753642" comID="1F638150-93B8-49FA-91E6-D0221BA019FE" comLinkType="cltPageLink"/>
  </page>
  <page ID="10E16C79-61FC-4B04-B843-939AFF0CE8E2">
    <linkSource sourcePageID="CCC90543-FFDF-496C-B9E8-ACEBBAB46794" comID="F0EA877C-1F3A-4D5A-87CE-911997F72E24" comLinkType="cltPageLink"/>
    <linkSource sourcePageID="B0D3389A-5C16-4C5A-B4DE-E1E7FE753642" comID="C9B7556C-4360-408D-AC05-74A04411C07B" comLinkType="cltPageLink"/>
    <linkSource sourcePageID="B0D3389A-5C16-4C5A-B4DE-E1E7FE753642" comID="1F638150-93B8-49FA-91E6-D0221BA019FE" comLinkType="cltPageLink"/>
  </page>
  <page ID="66744859-55F2-4170-926C-009D232CF964">
    <linkSource sourcePageID="CCC90543-FFDF-496C-B9E8-ACEBBAB46794" comID="F0EA877C-1F3A-4D5A-87CE-911997F72E24" comLinkType="cltPageLink"/>
    <linkSource sourcePageID="B0D3389A-5C16-4C5A-B4DE-E1E7FE753642" comID="155A7980-B183-41B4-B755-2F7C2529AACA" comLinkType="cltPageLink"/>
    <linkSource sourcePageID="B0D3389A-5C16-4C5A-B4DE-E1E7FE753642" comID="1F638150-93B8-49FA-91E6-D0221BA019FE" comLinkType="cltPageLink"/>
  </page>
</LinkSources>