﻿<mockup version="5.3" minAllowVersion="5.3" ID="0ED1F560-B772-4BFD-A610-87330E997B53" platform="MtMobile" defaultW="360" defaultH="640" measureW="360" measureH="640" screenOrientation="MoPortrait" mobileScreenScale="1.77777779102325" clipArea="(0,0,0,0)">
  <controls controlCount="16">
    <control controlID="CD5DA4C0-562E-45F7-9728-8E042DA14200" controlTypeID="Button" x="-5" y="0" w="372" h="79" zOrder="0">
      <color>4284900966</color>
      <borderVisible>False</borderVisible>
      <font family="Segoe+UI" displayName="Segoe+UI+Bold" postScript="" weightStyle="Bold" weight="700" isBold="True" isItalic="False" useDefaultFontFamily="False"/>
      <text>Convert+any+kinds+of+length%0D%0A</text>
      <textColor>4294967295</textColor>
      <textSize>20</textSize>
      <lineSpacing>0</lineSpacing>
      <textStyles>[fsBold]</textStyles>
      <selectedIndex>-1</selectedIndex>
    </control>
    <control controlID="4FFAA87A-6A72-4A7B-B563-F739AA124FBA" controlTypeID="Button" x="45" y="135" w="240" h="48" zOrder="1">
      <color>4284900966</color>
      <borderVisible>False</borderVisible>
      <font family="Roman" displayName="Roman_%26_Bold" postScript="" weightStyle="Bold" weight="700" isBold="True" isItalic="False" useDefaultFontFamily="False"/>
      <text>Enter+any+digit+to+find%3A</text>
      <textColor>4294967295</textColor>
      <textSize>20</textSize>
      <lineSpacing>0</lineSpacing>
      <textStyles>[fsBold]</textStyles>
      <selectedIndex>-1</selectedIndex>
    </control>
    <control controlID="394AC56A-FCCD-47A2-A90E-428FDFA40F20" controlTypeID="TextInput" x="45" y="202" w="224" h="39" zOrder="2">
      <font family="Roman" displayName="Roman_%26_Bold" postScript="" weightStyle="Bold" weight="700" isBold="True" isItalic="False" useDefaultFontFamily="False"/>
      <textSize>20</textSize>
      <textAlign>HaCenter</textAlign>
      <lineSpacing>0</lineSpacing>
      <textStyles>[fsBold]</textStyles>
      <selectedIndex>-1</selectedIndex>
      <placeHolder>Enter+number</placeHolder>
      <inputModel>emNumber</inputModel>
      <radius>100</radius>
      <radiusIsPercent>True</radiusIsPercent>
    </control>
    <control controlID="21E8495A-F795-4C06-926B-B937EEFF40DB" controlTypeID="Button" x="12" y="341" w="48" h="25" zOrder="3">
      <color>4288269567</color>
      <font family="Roman" displayName="Roman_%26_Bold" postScript="" weightStyle="Bold" weight="700" isBold="True" isItalic="False" useDefaultFontFamily="False"/>
      <text>Inch</text>
      <textSize>12</textSize>
      <lineSpacing>0</lineSpacing>
      <textStyles>[fsBold]</textStyles>
      <selectedIndex>-1</selectedIndex>
      <radius>0</radius>
    </control>
    <control controlID="C57888DE-155A-4343-B7BF-1D72EA397467" controlTypeID="Line" x="58" y="373" w="204" h="1" zOrder="4">
      <font family="Roman" displayName="Roman" postScript="" weightStyle="" weight="400" isBold="False" isItalic="False"/>
      <textSize>20</textSize>
      <lineSpacing>0</lineSpacing>
      <selectedIndex>-1</selectedIndex>
      <controlPoint>(102,0)</controlPoint>
      <startPoint>(1,0)</startPoint>
      <endPoint>(204,0)</endPoint>
    </control>
    <control controlID="CF2A4A46-F570-4BAB-9EA1-B7D79756DA41" controlTypeID="Button" x="12" y="402" w="49" h="25" zOrder="5">
      <color>4288269567</color>
      <font family="Roman" displayName="Roman_%26_Bold" postScript="" weightStyle="Bold" weight="700" isBold="True" isItalic="False" useDefaultFontFamily="False"/>
      <text>Feet</text>
      <textSize>12</textSize>
      <lineSpacing>0</lineSpacing>
      <textStyles>[fsBold]</textStyles>
      <selectedIndex>-1</selectedIndex>
      <radius>0</radius>
    </control>
    <control controlID="6F3DDA23-9212-4B19-8509-0954AF994107" controlTypeID="Button" x="9" y="278" w="50" h="25" zOrder="6">
      <color>4288269567</color>
      <font family="Roman" displayName="Roman_%26_Bold" postScript="" weightStyle="Bold" weight="700" isBold="True" isItalic="False" useDefaultFontFamily="False"/>
      <text>Mili</text>
      <textSize>12</textSize>
      <lineSpacing>0</lineSpacing>
      <textStyles>[fsBold]</textStyles>
      <selectedIndex>-1</selectedIndex>
      <radius>0</radius>
    </control>
    <control controlID="A6F30F5E-D502-4337-B7FF-48CC11B8D578" controlTypeID="Line" x="62" y="306" w="195" h="2" zOrder="7">
      <font family="Roman" displayName="Roman" postScript="" weightStyle="" weight="400" isBold="False" isItalic="False"/>
      <textSize>20</textSize>
      <lineSpacing>0</lineSpacing>
      <selectedIndex>-1</selectedIndex>
      <controlPoint>(98,1)</controlPoint>
      <startPoint>(0,1)</startPoint>
      <endPoint>(195,1)</endPoint>
    </control>
    <control controlID="C6E6250F-5BF1-459B-8E53-B8C036D528B5" controlTypeID="Line" x="59" y="436" w="200" h="1" zOrder="8">
      <font family="Roman" displayName="Roman" postScript="" weightStyle="" weight="400" isBold="False" isItalic="False"/>
      <textSize>20</textSize>
      <lineSpacing>0</lineSpacing>
      <selectedIndex>-1</selectedIndex>
      <controlPoint>(100,0)</controlPoint>
      <startPoint>(1,0)</startPoint>
      <endPoint>(200,0)</endPoint>
    </control>
    <control controlID="478BA79C-A8B3-46DE-95A3-A4894E10C173" controlTypeID="Button" x="14" y="464" w="45" h="25" zOrder="9">
      <color>4288269567</color>
      <font family="Roman" displayName="Roman_%26_Bold" postScript="" weightStyle="Bold" weight="700" isBold="True" isItalic="False" useDefaultFontFamily="False"/>
      <text>metre</text>
      <textSize>12</textSize>
      <lineSpacing>0</lineSpacing>
      <textStyles>[fsBold]</textStyles>
      <selectedIndex>-1</selectedIndex>
      <radius>0</radius>
    </control>
    <control controlID="46C2E117-2ABD-4831-B2EE-831CDE3BBBA4" controlTypeID="Button" x="14" y="526" w="44" h="25" zOrder="10">
      <color>4288269567</color>
      <font family="Roman" displayName="Roman_%26_Bold" postScript="" weightStyle="Bold" weight="700" isBold="True" isItalic="False" useDefaultFontFamily="False"/>
      <text>KiloM</text>
      <textSize>12</textSize>
      <lineSpacing>0</lineSpacing>
      <textStyles>[fsBold]</textStyles>
      <selectedIndex>-1</selectedIndex>
      <radius>0</radius>
    </control>
    <control controlID="C254D50E-0C23-4499-8D7E-8DFD7CE5425E" controlTypeID="Button" x="13" y="587" w="46" h="23" zOrder="11">
      <color>4288269567</color>
      <font family="Roman" displayName="Roman_%26_Bold" postScript="" weightStyle="Bold" weight="700" isBold="True" isItalic="False" useDefaultFontFamily="False"/>
      <text>Mile</text>
      <textSize>12</textSize>
      <lineSpacing>0</lineSpacing>
      <textStyles>[fsBold]</textStyles>
      <selectedIndex>-1</selectedIndex>
      <radius>0</radius>
    </control>
    <control controlID="B710D871-ACB4-47EC-B9ED-A8E618E67E73" controlTypeID="Line" x="60" y="499" w="194" h="1" zOrder="12">
      <font family="Roman" displayName="Roman" postScript="" weightStyle="" weight="400" isBold="False" isItalic="False"/>
      <textSize>20</textSize>
      <lineSpacing>0</lineSpacing>
      <selectedIndex>-1</selectedIndex>
      <controlPoint>(97,0)</controlPoint>
      <startPoint>(0,0)</startPoint>
      <endPoint>(194,0)</endPoint>
    </control>
    <control controlID="7E736013-74DE-4719-B15F-67C5FF25CDF4" controlTypeID="Line" x="58" y="559" w="194" h="1" zOrder="13">
      <font family="Roman" displayName="Roman" postScript="" weightStyle="" weight="400" isBold="False" isItalic="False"/>
      <textSize>20</textSize>
      <lineSpacing>0</lineSpacing>
      <selectedIndex>-1</selectedIndex>
      <controlPoint>(98,0)</controlPoint>
      <startPoint>(1,0)</startPoint>
      <endPoint>(194,0)</endPoint>
    </control>
    <control controlID="AF701C7A-660E-455A-B102-0C47F7978ADF" controlTypeID="Line" x="59" y="620" w="193" h="1" zOrder="14">
      <font family="Roman" displayName="Roman" postScript="" weightStyle="" weight="400" isBold="False" isItalic="False"/>
      <textSize>20</textSize>
      <lineSpacing>0</lineSpacing>
      <selectedIndex>-1</selectedIndex>
      <controlPoint>(97,0)</controlPoint>
      <startPoint>(1,0)</startPoint>
      <endPoint>(193,0)</endPoint>
    </control>
    <control controlID="45970866-CBD0-404D-A2F9-E52B93F753AE" controlTypeID="Icon" x="2" y="80" w="43" h="43" zOrder="15">
      <links eventType="AtClick" animate="AmNone" animateAutoDelay="0" animateDuration="500">
        <link targetPageID="B0D3389A-5C16-4C5A-B4DE-E1E7FE753642" linkType="ltPageLink" isApplyIncludePage="False" title="Home">
          <area shape="0" alt="" ID="{EAEA59A1-7461-4496-8DB7-01180757FB91}" coords="(0,0,43,43)"/>
        </link>
      </links>
      <icon>
        <ID/>
        <iconFontName>jdIonicons</iconFontName>
        <iconCode>62351</iconCode>
      </icon>
      <URL>00B95EF219967F400695DB20B0044ACF.svg</URL>
    </control>
  </controls>
  <param>
    <backgroundColor>4291611852</backgroundColor>
    <fontSize>20</fontSize>
    <fontFamily>Roman</fontFamily>
    <remark>lets+go</remark>
    <guideLines/>
  </param>
</mockup>