﻿<mockup version="5.3" minAllowVersion="5.3" ID="1090C9DE-8C4D-4541-B526-FBFB1F73C9F1" platform="MtMobile" defaultW="360" defaultH="640" measureW="360" measureH="640" screenOrientation="MoPortrait" mobileScreenScale="1.77777779102325" clipArea="(0,0,0,0)">
  <controls controlCount="2">
    <control controlID="6E9E771A-FD2C-427C-AA05-4443F6FC90D3" controlTypeID="Image" x="0" y="0" w="360" h="559" zOrder="0"/>
    <control controlID="F03E963E-A6D4-428A-BE59-9EB2AD5BDEBC" controlTypeID="Button" x="52" y="569" w="270" h="51" zOrder="1">
      <links eventType="AtClick" animate="AmNone" animateAutoDelay="0" animateDuration="500">
        <link targetPageID="B0D3389A-5C16-4C5A-B4DE-E1E7FE753642" linkType="ltPageLink" isApplyIncludePage="False" title="Home+2">
          <area shape="0" alt="" ID="{3251BB91-D59C-43CF-9B1B-0DF1E3A6DF9D}" coords="(0,0,270,51)"/>
        </link>
      </links>
      <font family="Roman" displayName="Roman" postScript="" weightStyle="" weight="400" isBold="False" isItalic="False"/>
      <text>Let's+Go</text>
      <textSize>20</textSize>
      <lineSpacing>0</lineSpacing>
      <selectedIndex>-1</selectedIndex>
    </control>
  </controls>
  <param>
    <backgroundColor>4294967295</backgroundColor>
    <fontSize>20</fontSize>
    <fontFamily>Roman</fontFamily>
    <remark>lets+go</remark>
    <guideLines/>
  </param>
</mockup>