﻿<mockup version="5.3" minAllowVersion="5.3" ID="1A7F13FF-9B5C-4303-905B-06A581261766" platform="MtMobile" defaultW="360" defaultH="640" measureW="360" measureH="640" screenOrientation="MoPortrait" mobileScreenScale="1.77777779102325" clipArea="(0,0,0,0)">
  <controls controlCount="3">
    <control controlID="F03E963E-A6D4-428A-BE59-9EB2AD5BDEBC" controlTypeID="Button" x="120" y="445" w="120" h="51" zOrder="0">
      <color>4294954035</color>
      <borderVisible>False</borderVisible>
      <links eventType="AtClick" animate="AmNone" animateAutoDelay="0" animateDuration="500">
        <link targetPageID="B0D3389A-5C16-4C5A-B4DE-E1E7FE753642" linkType="ltPageLink" isApplyIncludePage="False" title="Home+2">
          <area shape="0" alt="" ID="{3251BB91-D59C-43CF-9B1B-0DF1E3A6DF9D}" coords="(0,0,120,51)"/>
        </link>
      </links>
      <font family="Pristina" displayName="Pristina" postScript="" weightStyle="Regular" weight="400" isBold="False" isItalic="False" useDefaultFontFamily="False"/>
      <text>Let's+Go</text>
      <textColor>4278242508</textColor>
      <textSize>32</textSize>
      <lineSpacing>0</lineSpacing>
      <useDefaultTextSize>False</useDefaultTextSize>
      <selectedIndex>-1</selectedIndex>
      <radius>100</radius>
      <radiusIsPercent>True</radiusIsPercent>
    </control>
    <control controlID="D71FB45C-FF99-4A48-86F7-3D1D3EA5A928" controlTypeID="Image" x="15" y="122" w="320" h="280" zOrder="1">
      <URL>4CF09A241D5D95A35AC4A067B404BA4D.png</URL>
      <showText>False</showText>
    </control>
    <control controlID="85136D4E-ACFE-4CA7-B40E-2CEDEA01E410" controlTypeID="Button" x="0" y="0" w="360" h="51" zOrder="2">
      <color>4281545523</color>
      <links eventType="AtClick" animate="AmNone" animateAutoDelay="0" animateDuration="500">
        <link targetPageID="B0D3389A-5C16-4C5A-B4DE-E1E7FE753642" linkType="ltPageLink" isApplyIncludePage="False" title="Home+2">
          <area shape="0" alt="" ID="{3251BB91-D59C-43CF-9B1B-0DF1E3A6DF9D}" coords="(0,0,360,51)"/>
        </link>
      </links>
      <font family="Poor+Richard" displayName="Poor+Richard_%26_Bold" postScript="" weightStyle="Bold" weight="700" isBold="True" isItalic="False" useDefaultFontFamily="False"/>
      <text>Unit+Converter</text>
      <textColor>4278255615</textColor>
      <textSize>40</textSize>
      <lineSpacing>0</lineSpacing>
      <textStyles>[fsBold]</textStyles>
      <useDefaultTextSize>False</useDefaultTextSize>
      <selectedIndex>-1</selectedIndex>
      <radius>0</radius>
    </control>
  </controls>
  <param>
    <backgroundColor>4278190080</backgroundColor>
    <fontSize>20</fontSize>
    <fontFamily>Playbill</fontFamily>
    <remark>lets+go</remark>
    <guideLines/>
  </param>
</mockup>