﻿<mockup version="5.3" minAllowVersion="5.3" ID="52D4A8F5-CE81-4801-9E34-1951EA947357" platform="MtMobile" defaultW="360" defaultH="640" measureW="360" measureH="640" screenOrientation="MoPortrait" mobileScreenScale="1.77777779102325" clipArea="(0,0,0,0)">
  <controls controlCount="1">
    <control controlID="D09C70D5-58FB-407C-9E26-43256C72CE3E" controlTypeID="Button" x="110" y="38" w="120" h="48" zOrder="0">
      <font family="Roman" displayName="Roman" postScript="" weightStyle="" weight="400" isBold="False" isItalic="False"/>
      <text>OK</text>
      <textSize>20</textSize>
      <lineSpacing>0</lineSpacing>
      <selectedIndex>-1</selectedIndex>
    </control>
  </controls>
  <param>
    <backgroundColor>4294967295</backgroundColor>
    <fontSize>20</fontSize>
    <fontFamily>Roman</fontFamily>
    <remark>lets+go</remark>
    <guideLines/>
  </param>
</mockup>