﻿<mockup version="5.3" minAllowVersion="5.3" ID="9CFFFB75-F8E9-4BF3-83BA-93B58FAAC31C" platform="MtMobile" defaultW="360" defaultH="640" measureW="360" measureH="640" screenOrientation="MoPortrait" mobileScreenScale="1.77777779102325" clipArea="(0,0,0,0)">
  <controls controlCount="15">
    <control controlID="CD5DA4C0-562E-45F7-9728-8E042DA14200" controlTypeID="Button" x="-5" y="0" w="372" h="79" zOrder="0">
      <color>4284900966</color>
      <borderVisible>False</borderVisible>
      <font family="Segoe+UI" displayName="Segoe+UI+Bold" postScript="" weightStyle="Bold" weight="700" isBold="True" isItalic="False" useDefaultFontFamily="False"/>
      <textColor>4294967295</textColor>
      <textSize>20</textSize>
      <lineSpacing>0</lineSpacing>
      <textStyles>[fsBold]</textStyles>
      <selectedIndex>-1</selectedIndex>
    </control>
    <control controlID="4FFAA87A-6A72-4A7B-B563-F739AA124FBA" controlTypeID="Button" x="55" y="80" w="240" h="48" zOrder="1">
      <color>4284900966</color>
      <borderVisible>False</borderVisible>
      <font family="Roman" displayName="Roman_%26_Bold" postScript="" weightStyle="Bold" weight="700" isBold="True" isItalic="False" useDefaultFontFamily="False"/>
      <text>Digital+Strorage</text>
      <textColor>4294967295</textColor>
      <textSize>20</textSize>
      <lineSpacing>0</lineSpacing>
      <textStyles>[fsBold]</textStyles>
      <selectedIndex>-1</selectedIndex>
    </control>
    <control controlID="394AC56A-FCCD-47A2-A90E-428FDFA40F20" controlTypeID="TextInput" x="55" y="145" w="224" h="39" zOrder="2">
      <font family="Roman" displayName="Roman_%26_Bold" postScript="" weightStyle="Bold" weight="700" isBold="True" isItalic="False" useDefaultFontFamily="False"/>
      <textSize>20</textSize>
      <textAlign>HaCenter</textAlign>
      <lineSpacing>0</lineSpacing>
      <textStyles>[fsBold]</textStyles>
      <selectedIndex>-1</selectedIndex>
      <placeHolder>Enter+number</placeHolder>
      <inputModel>emNumber</inputModel>
      <radius>100</radius>
      <radiusIsPercent>True</radiusIsPercent>
    </control>
    <control controlID="45970866-CBD0-404D-A2F9-E52B93F753AE" controlTypeID="Icon" x="2" y="80" w="43" h="43" zOrder="3">
      <links eventType="AtClick" animate="AmNone" animateAutoDelay="0" animateDuration="500">
        <link targetPageID="B0D3389A-5C16-4C5A-B4DE-E1E7FE753642" linkType="ltPageLink" isApplyIncludePage="False" title="Home">
          <area shape="0" alt="" ID="{EAEA59A1-7461-4496-8DB7-01180757FB91}" coords="(0,0,43,43)"/>
        </link>
      </links>
      <icon>
        <ID/>
        <iconFontName>jdIonicons</iconFontName>
        <iconCode>62351</iconCode>
      </icon>
      <URL>00B95EF219967F400695DB20B0044ACF.svg</URL>
    </control>
    <control controlID="89889C65-3AB6-4FC8-B522-03FD6CBE27F4" controlTypeID="CheckBoxGroup" x="2" y="236" w="189" h="358" zOrder="4">
      <font family="Roman" displayName="Roman" postScript="" weightStyle="" weight="400" isBold="False" isItalic="False"/>
      <text>Bit%0D%0AByte%0D%0Akilbyte%0D%0AMegabyte%0D%0AGigabyte%0D%0Akilobit%0D%0AMegabit%0D%0AGigabit%0D%0A</text>
      <lineSpacing>0</lineSpacing>
      <useDefaultTextSize>False</useDefaultTextSize>
      <size>15</size>
      <itemHeight>36</itemHeight>
      <itemRect>[{"left":0,"top":0,"right":189,"bottom":36},{"left":0,"top":46,"right":189,"bottom":82},{"left":0,"top":92,"right":189,"bottom":128},{"left":0,"top":138,"right":189,"bottom":174},{"left":0,"top":184,"right":189,"bottom":220},{"left":0,"top":230,"right":189,"bottom":266},{"left":0,"top":276,"right":189,"bottom":312},{"left":0,"top":322,"right":189,"bottom":358}]</itemRect>
    </control>
    <control controlID="D9149384-81E4-48DF-9F0C-30EB9082ED69" controlTypeID="Line" x="230" y="267" w="112" h="1" zOrder="5">
      <font family="Roman" displayName="Roman" postScript="" weightStyle="" weight="400" isBold="False" isItalic="False"/>
      <text>b</text>
      <textSize>20</textSize>
      <lineSpacing>0</lineSpacing>
      <selectedIndex>-1</selectedIndex>
      <controlPoint>(56,0)</controlPoint>
      <startPoint>(0,0)</startPoint>
      <endPoint>(112,0)</endPoint>
    </control>
    <control controlID="3F8B27C2-1E20-4E30-877B-FD5194B3C2EA" controlTypeID="Line" x="230" y="315" w="112" h="1" zOrder="6">
      <font family="Roman" displayName="Roman" postScript="" weightStyle="" weight="400" isBold="False" isItalic="False"/>
      <text>B</text>
      <textSize>20</textSize>
      <lineSpacing>0</lineSpacing>
      <selectedIndex>-1</selectedIndex>
      <controlPoint>(56,0)</controlPoint>
      <startPoint>(0,0)</startPoint>
      <endPoint>(112,0)</endPoint>
    </control>
    <control controlID="C6E49A2D-1270-46FE-B046-A5318B1BB3CE" controlTypeID="Line" x="230" y="360" w="112" h="1" zOrder="7">
      <font family="Roman" displayName="Roman" postScript="" weightStyle="" weight="400" isBold="False" isItalic="False"/>
      <text>KB</text>
      <textSize>20</textSize>
      <lineSpacing>0</lineSpacing>
      <selectedIndex>-1</selectedIndex>
      <controlPoint>(56,0)</controlPoint>
      <startPoint>(0,0)</startPoint>
      <endPoint>(112,0)</endPoint>
    </control>
    <control controlID="542D201F-DAA4-43EF-AD10-D41B3E8A25EA" controlTypeID="Line" x="230" y="404" w="112" h="1" zOrder="8">
      <font family="Roman" displayName="Roman" postScript="" weightStyle="" weight="400" isBold="False" isItalic="False"/>
      <text>MB</text>
      <textSize>20</textSize>
      <lineSpacing>0</lineSpacing>
      <selectedIndex>-1</selectedIndex>
      <controlPoint>(56,0)</controlPoint>
      <startPoint>(0,0)</startPoint>
      <endPoint>(112,0)</endPoint>
    </control>
    <control controlID="F0B77B1B-6515-4A70-8924-A2C343E5571D" controlTypeID="Line" x="230" y="449" w="112" h="1" zOrder="9">
      <font family="Roman" displayName="Roman" postScript="" weightStyle="" weight="400" isBold="False" isItalic="False"/>
      <text>GB</text>
      <textSize>20</textSize>
      <lineSpacing>0</lineSpacing>
      <selectedIndex>-1</selectedIndex>
      <controlPoint>(56,0)</controlPoint>
      <startPoint>(0,0)</startPoint>
      <endPoint>(112,0)</endPoint>
    </control>
    <control controlID="671523DE-88C4-4990-A7FD-36D00D5E5C68" controlTypeID="Line" x="230" y="490" w="112" h="1" zOrder="10">
      <font family="Roman" displayName="Roman" postScript="" weightStyle="" weight="400" isBold="False" isItalic="False"/>
      <text>Kb</text>
      <textSize>20</textSize>
      <lineSpacing>0</lineSpacing>
      <selectedIndex>-1</selectedIndex>
      <controlPoint>(56,0)</controlPoint>
      <startPoint>(0,0)</startPoint>
      <endPoint>(112,0)</endPoint>
    </control>
    <control controlID="B10B03B1-9ED8-4A49-839E-019EF45E5432" controlTypeID="Line" x="228" y="535" w="112" h="1" zOrder="11">
      <font family="Roman" displayName="Roman" postScript="" weightStyle="" weight="400" isBold="False" isItalic="False"/>
      <text>Mb</text>
      <textSize>20</textSize>
      <lineSpacing>0</lineSpacing>
      <selectedIndex>-1</selectedIndex>
      <controlPoint>(56,0)</controlPoint>
      <startPoint>(0,0)</startPoint>
      <endPoint>(112,0)</endPoint>
    </control>
    <control controlID="FF926805-8C35-4AA1-9006-D94A54D0CDCD" controlTypeID="Line" x="228" y="578" w="112" h="1" zOrder="12">
      <font family="Roman" displayName="Roman" postScript="" weightStyle="" weight="400" isBold="False" isItalic="False"/>
      <text>Gb</text>
      <textSize>20</textSize>
      <lineSpacing>0</lineSpacing>
      <selectedIndex>-1</selectedIndex>
      <controlPoint>(56,0)</controlPoint>
      <startPoint>(0,0)</startPoint>
      <endPoint>(112,0)</endPoint>
    </control>
    <control controlID="B6A3367A-8C9C-4960-90B2-883E354467F5" controlTypeID="Button" x="2" y="198" w="108" h="28" zOrder="13">
      <color>4288243455</color>
      <borderVisible>False</borderVisible>
      <font family="Roman" displayName="Roman_%26_Bold" postScript="" weightStyle="Bold" weight="700" isBold="True" isItalic="False" useDefaultFontFamily="False"/>
      <text>Covert</text>
      <textColor>4294967295</textColor>
      <textSize>12</textSize>
      <lineSpacing>0</lineSpacing>
      <textStyles>[fsBold]</textStyles>
      <selectedIndex>-1</selectedIndex>
      <radius>100</radius>
      <radiusIsPercent>True</radiusIsPercent>
    </control>
    <control controlID="2E1A2B46-0C2D-40CC-AA36-D1D26231DF2A" controlTypeID="Button" x="232" y="198" w="108" h="28" zOrder="14">
      <color>4288243455</color>
      <borderVisible>False</borderVisible>
      <font family="Roman" displayName="Roman_%26_Bold" postScript="" weightStyle="Bold" weight="700" isBold="True" isItalic="False" useDefaultFontFamily="False"/>
      <text>Result</text>
      <textColor>4294967295</textColor>
      <textSize>12</textSize>
      <lineSpacing>0</lineSpacing>
      <textStyles>[fsBold]</textStyles>
      <selectedIndex>-1</selectedIndex>
      <radius>100</radius>
      <radiusIsPercent>True</radiusIsPercent>
    </control>
  </controls>
  <param>
    <backgroundColor>4291611852</backgroundColor>
    <fontSize>20</fontSize>
    <fontFamily>Roman</fontFamily>
    <remark>lets+go</remark>
    <guideLines/>
  </param>
</mockup>