﻿<mockup version="5.3" minAllowVersion="5.3" ID="B0D3389A-5C16-4C5A-B4DE-E1E7FE753642" platform="MtMobile" defaultW="360" defaultH="640" measureW="360" measureH="640" screenOrientation="MoPortrait" mobileScreenScale="1.77777779102325" clipArea="(0,0,0,0)">
  <controls controlCount="41">
    <control controlID="5191C3DB-6E7D-42D4-85D5-0FC357E38910" controlTypeID="Button" x="0" y="0" w="360" h="48" zOrder="0">
      <color>4288256256</color>
      <borderColor>4288243404</borderColor>
      <font family="Segoe+UI" displayName="Segoe+UI+Bold" postScript="" weightStyle="Bold" weight="700" isBold="True" isItalic="False" useDefaultFontFamily="False"/>
      <text>Welcome+to+my+converter</text>
      <lineSpacing>0</lineSpacing>
      <textStyles>[fsBold]</textStyles>
      <selectedIndex>-1</selectedIndex>
      <radius>0</radius>
    </control>
    <control controlID="8FA01882-1A1A-4492-80DE-19C9391230B6" controlTypeID="Icon" x="0" y="48" w="36" h="36" zOrder="1">
      <color>4294967295</color>
      <interactiveData>
        <entry title="">
          <area shape="0" alt="" ID="{9AE03AB9-DEAF-4D21-ABC6-8C428BE39212}" coords="(0,0,36,36)"/>
          <events title="">
            <event eventType="atClick" isChecked="True">
              <behaviour title="" isChecked="True" isWait="False" isLoop="False" execMode="emParallel">
                <target targetID="A0C40732-488B-4AFC-B93C-114F90787581" isChecked="True" isAutoRecovery="False" isLoop="False" execMode="emSequence">
                  <command name="Popup State Change" isChecked="True" descrition="">
                    <param name="AniInterpolation" value="0" varType="3" description=""/>
                    <param name="AniDuration" value="200" varType="3" description=""/>
                    <param name="AniAutoReverse" value="False" varType="11" description=""/>
                    <param name="AniLoop" value="False" varType="11" description=""/>
                    <param name="AniInterpolationTypeOut" value="False" varType="11" description=""/>
                    <param name="Delay" value="0" varType="3" description=""/>
                    <param name="Value" value="2" varType="3" description=""/>
                    <param name="AniType" value="0" varType="3" description=""/>
                  </command>
                </target>
              </behaviour>
            </event>
          </events>
        </entry>
      </interactiveData>
      <icon>
        <ID/>
        <iconFontName>jdIonicons</iconFontName>
        <iconCode>61965</iconCode>
      </icon>
      <URL>D9CE39CAA2C488188BF922BD18FCD68B.svg</URL>
    </control>
    <control controlID="578C592C-4EF6-424B-B5D0-436B80DEA2D7" controlTypeID="Panel" x="31" y="117" w="109" h="94" zOrder="2">
      <groupChildrenDescriptors>
        <control controlID="5035E94C-B2EF-45F9-BF28-D6C661AE6EEE" controlTypeID="Border" x="0" y="0" w="109" h="94" zOrder="0">
          <alias>borderLayer</alias>
        </control>
      </groupChildrenDescriptors>
      <thinkness>1</thinkness>
    </control>
    <control controlID="75865D79-8A8B-4F27-A38E-68D611CC7ADB" controlTypeID="Panel" x="31" y="524" w="110" h="91" zOrder="3">
      <groupChildrenDescriptors>
        <control controlID="A3F4D2F7-DC50-42FF-9DC4-7325FD04BCEB" controlTypeID="Border" x="0" y="0" w="110" h="91" zOrder="0">
          <alias>borderLayer</alias>
        </control>
      </groupChildrenDescriptors>
      <thinkness>1</thinkness>
    </control>
    <control controlID="F3B9D0FE-9692-4878-B132-AE3BAF6CFA9D" controlTypeID="Panel" x="198" y="392" w="108" h="93" zOrder="4">
      <groupChildrenDescriptors>
        <control controlID="4EF01918-C722-43EF-900C-8FC6F0EA3A56" controlTypeID="Border" x="0" y="0" w="108" h="93" zOrder="0">
          <alias>borderLayer</alias>
        </control>
      </groupChildrenDescriptors>
      <thinkness>1</thinkness>
    </control>
    <control controlID="1E55283A-E320-446D-A534-C912728D73F6" controlTypeID="Panel" x="32" y="392" w="109" h="93" zOrder="5">
      <groupChildrenDescriptors>
        <control controlID="D05189AB-3674-469B-AAF7-64D7A2E05B8A" controlTypeID="Border" x="0" y="0" w="109" h="93" zOrder="0">
          <alias>borderLayer</alias>
        </control>
      </groupChildrenDescriptors>
      <thinkness>1</thinkness>
    </control>
    <control controlID="4A72F6AE-0AE8-4D30-9E84-C72680F00276" controlTypeID="Panel" x="196" y="256" w="107" h="91" zOrder="6">
      <groupChildrenDescriptors>
        <control controlID="FC1D979F-BB4F-423E-9002-D845268D764B" controlTypeID="Border" x="0" y="0" w="107" h="91" zOrder="0">
          <alias>borderLayer</alias>
        </control>
      </groupChildrenDescriptors>
      <thinkness>1</thinkness>
    </control>
    <control controlID="DF6A1F87-4E52-412A-ABD0-733C8798D328" controlTypeID="Panel" x="195" y="117" w="111" h="93" zOrder="7">
      <groupChildrenDescriptors>
        <control controlID="5EBA57E6-379D-4A89-9AC1-8B3E618D3375" controlTypeID="Border" x="0" y="0" w="111" h="93" zOrder="0">
          <alias>borderLayer</alias>
        </control>
      </groupChildrenDescriptors>
      <thinkness>1</thinkness>
    </control>
    <control controlID="1B5EC103-02F8-427D-BAE7-AD8DE3ADBBFF" controlTypeID="Panel" x="31" y="255" w="110" h="93" zOrder="8">
      <groupChildrenDescriptors>
        <control controlID="369711D6-4FA7-4DE1-8EBB-DFF9D66CC104" controlTypeID="Border" x="0" y="0" w="110" h="93" zOrder="0">
          <alias>borderLayer</alias>
        </control>
      </groupChildrenDescriptors>
      <thinkness>1</thinkness>
    </control>
    <control controlID="BCD76873-27EC-4872-876F-666903361A86" controlTypeID="Panel" x="196" y="524" w="109" h="91" zOrder="9">
      <groupChildrenDescriptors>
        <control controlID="023D8852-768B-4516-98B6-6FD1F6DDDCC9" controlTypeID="Border" x="0" y="0" w="109" h="91" zOrder="0">
          <alias>borderLayer</alias>
        </control>
      </groupChildrenDescriptors>
      <thinkness>1</thinkness>
    </control>
    <control controlID="25016600-80FE-49F1-9CAC-296AC6905D52" controlTypeID="Button" x="48" y="176" w="77" h="28" zOrder="10">
      <color>4284900966</color>
      <borderVisible>False</borderVisible>
      <links eventType="AtClick" animate="AmNone" animateAutoDelay="0" animateDuration="500">
        <link targetPageID="E5EAE05C-94FF-4A79-8844-95D5C20669D3" linkType="ltPageLink" isApplyIncludePage="False" title="Distance">
          <area shape="0" alt="" ID="{6B240DF4-42AA-40B1-92CD-63D5CF1BB91A}" coords="(0,0,77,28)"/>
        </link>
      </links>
      <font family="Segoe+UI" displayName="Segoe+UI+Bold" postScript="" weightStyle="Bold" weight="700" isBold="True" isItalic="False" useDefaultFontFamily="False"/>
      <text>Distance</text>
      <textColor>4294967295</textColor>
      <lineSpacing>0</lineSpacing>
      <textStyles>[fsBold]</textStyles>
      <selectedIndex>-1</selectedIndex>
      <radius>100</radius>
      <radiusIsPercent>True</radiusIsPercent>
    </control>
    <control controlID="459A8AF3-8108-4D50-855B-CD0F7AF3C3D8" controlTypeID="Button" x="212" y="581" w="77" h="28" zOrder="11">
      <color>4284900966</color>
      <borderVisible>False</borderVisible>
      <links eventType="AtClick" animate="AmNone" animateAutoDelay="0" animateDuration="500">
        <link targetPageID="2838F0D0-F5EE-446B-9EAE-A4151889D5B5" linkType="ltPageLink" isApplyIncludePage="False" title="Time">
          <area shape="0" alt="" ID="{3D59FE99-33C2-4A3A-A268-D7A5DC9CCA61}" coords="(0,0,77,28)"/>
        </link>
      </links>
      <font family="Segoe+UI" displayName="Segoe+UI+Bold" postScript="" weightStyle="Bold" weight="700" isBold="True" isItalic="False" useDefaultFontFamily="False"/>
      <text>Time</text>
      <textColor>4294967295</textColor>
      <lineSpacing>0</lineSpacing>
      <textStyles>[fsBold]</textStyles>
      <selectedIndex>-1</selectedIndex>
      <radius>100</radius>
      <radiusIsPercent>True</radiusIsPercent>
    </control>
    <control controlID="0807EDA5-4540-4C73-AA46-9FCDCB330451" controlTypeID="Button" x="48" y="582" w="77" h="28" zOrder="12">
      <color>4284900966</color>
      <borderVisible>False</borderVisible>
      <links eventType="AtClick" animate="AmNone" animateAutoDelay="0" animateDuration="500">
        <link targetPageID="CFD9FC20-495E-48DA-A31A-D8B557F035B6" linkType="ltPageLink" isApplyIncludePage="False" title="Digitals">
          <area shape="0" alt="" ID="{CB63E39F-8669-43C5-ACDA-8FE2B99BE3FE}" coords="(0,0,77,28)"/>
        </link>
      </links>
      <font family="Segoe+UI" displayName="Segoe+UI+Bold" postScript="" weightStyle="Bold" weight="700" isBold="True" isItalic="False" useDefaultFontFamily="False"/>
      <text>Digital+ST</text>
      <textColor>4294967295</textColor>
      <lineSpacing>0</lineSpacing>
      <textStyles>[fsBold]</textStyles>
      <selectedIndex>-1</selectedIndex>
      <radius>100</radius>
      <radiusIsPercent>True</radiusIsPercent>
    </control>
    <control controlID="155A7980-B183-41B4-B755-2F7C2529AACA" controlTypeID="Button" x="48" y="452" w="77" h="28" zOrder="13">
      <color>4284900966</color>
      <borderVisible>False</borderVisible>
      <links eventType="AtClick" animate="AmNone" animateAutoDelay="0" animateDuration="500">
        <link targetPageID="66744859-55F2-4170-926C-009D232CF964" linkType="ltPageLink" isApplyIncludePage="False" title="Volume">
          <area shape="0" alt="" ID="{CD82B9F2-7E10-46DB-B006-49F873625DCE}" coords="(0,0,77,28)"/>
        </link>
      </links>
      <font family="Segoe+UI" displayName="Segoe+UI+Bold" postScript="" weightStyle="Bold" weight="700" isBold="True" isItalic="False" useDefaultFontFamily="False"/>
      <text>Volume</text>
      <textColor>4294967295</textColor>
      <lineSpacing>0</lineSpacing>
      <textStyles>[fsBold]</textStyles>
      <selectedIndex>-1</selectedIndex>
      <radius>100</radius>
      <radiusIsPercent>True</radiusIsPercent>
    </control>
    <control controlID="C9B7556C-4360-408D-AC05-74A04411C07B" controlTypeID="Button" x="212" y="451" w="77" h="28" zOrder="14">
      <color>4284900966</color>
      <borderVisible>False</borderVisible>
      <links eventType="AtClick" animate="AmNone" animateAutoDelay="0" animateDuration="500">
        <link targetPageID="10E16C79-61FC-4B04-B843-939AFF0CE8E2" linkType="ltPageLink" isApplyIncludePage="False" title="Weight">
          <area shape="0" alt="" ID="{D5811A84-3344-47AD-A3AD-488345ED501D}" coords="(0,0,77,28)"/>
        </link>
      </links>
      <font family="Segoe+UI" displayName="Segoe+UI+Bold" postScript="" weightStyle="Bold" weight="700" isBold="True" isItalic="False" useDefaultFontFamily="False"/>
      <text>Weight</text>
      <textColor>4294967295</textColor>
      <lineSpacing>0</lineSpacing>
      <textStyles>[fsBold]</textStyles>
      <selectedIndex>-1</selectedIndex>
      <radius>100</radius>
      <radiusIsPercent>True</radiusIsPercent>
    </control>
    <control controlID="9F6A411B-4B95-4812-9469-C7478519C6E4" controlTypeID="Button" x="48" y="315" w="77" h="28" zOrder="15">
      <color>4284900966</color>
      <borderVisible>False</borderVisible>
      <links eventType="AtClick" animate="AmNone" animateAutoDelay="0" animateDuration="500">
        <link targetPageID="7CD7E557-73AA-4E47-9CDF-1A13FB94B0A9" linkType="ltPageLink" isApplyIncludePage="False" title="Speed">
          <area shape="0" alt="" ID="{D9F8918F-FAE6-47F1-B29B-78B32FDA6B03}" coords="(0,0,77,28)"/>
        </link>
      </links>
      <font family="Segoe+UI" displayName="Segoe+UI+Bold" postScript="" weightStyle="Bold" weight="700" isBold="True" isItalic="False" useDefaultFontFamily="False"/>
      <text>Speed</text>
      <textColor>4294967295</textColor>
      <lineSpacing>0</lineSpacing>
      <textStyles>[fsBold]</textStyles>
      <selectedIndex>-1</selectedIndex>
      <radius>100</radius>
      <radiusIsPercent>True</radiusIsPercent>
    </control>
    <control controlID="2EC12619-65E2-4950-BDFA-D616E2AC0206" controlTypeID="Button" x="212" y="315" w="79" h="28" zOrder="16">
      <color>4284900966</color>
      <borderVisible>False</borderVisible>
      <links eventType="AtClick" animate="AmNone" animateAutoDelay="0" animateDuration="500">
        <link targetPageID="CD2A816E-8412-4724-AC7C-A5653C1523D2" linkType="ltPageLink" isApplyIncludePage="False" title="Temp">
          <area shape="0" alt="" ID="{5F2FE41B-3500-4C8F-91D2-DD73A3C4D2A6}" coords="(0,0,79,28)"/>
        </link>
      </links>
      <font family="Segoe+UI" displayName="Segoe+UI+Bold" postScript="" weightStyle="Bold" weight="700" isBold="True" isItalic="False" useDefaultFontFamily="False"/>
      <text>Temperature</text>
      <textColor>4294967295</textColor>
      <textSize>13</textSize>
      <lineSpacing>0</lineSpacing>
      <textStyles>[fsBold]</textStyles>
      <useDefaultTextSize>False</useDefaultTextSize>
      <selectedIndex>-1</selectedIndex>
      <radius>100</radius>
      <radiusIsPercent>True</radiusIsPercent>
    </control>
    <control controlID="EAA18735-D2D0-4A91-84D7-D0113D8F3586" controlTypeID="Button" x="212" y="176" w="77" h="28" zOrder="17">
      <color>4284900966</color>
      <borderVisible>False</borderVisible>
      <links eventType="AtClick" animate="AmNone" animateAutoDelay="0" animateDuration="500">
        <link targetPageID="B8DB6ED8-FD9B-444A-AAF3-7BD42645D0AE" linkType="ltPageLink" isApplyIncludePage="False" title="Area">
          <area shape="0" alt="" ID="{A108C7D5-0304-45F3-9AE3-10A8900D4C3E}" coords="(0,0,77,28)"/>
        </link>
      </links>
      <font family="Segoe+UI" displayName="Segoe+UI+Bold" postScript="" weightStyle="Bold" weight="700" isBold="True" isItalic="False" useDefaultFontFamily="False"/>
      <text>Area</text>
      <textColor>4294967295</textColor>
      <lineSpacing>0</lineSpacing>
      <textStyles>[fsBold]</textStyles>
      <selectedIndex>-1</selectedIndex>
      <radius>100</radius>
      <radiusIsPercent>True</radiusIsPercent>
    </control>
    <control controlID="6C740D3F-2FBF-46BB-AF84-A2C46618239F" controlTypeID="Image" x="54" y="123" w="64" h="53" zOrder="18">
      <URL>9AB0D77FFAD10BCD7FFE97D56DC741DC.png</URL>
    </control>
    <control controlID="56B63D8E-4927-4CE1-9C18-48BA95A81F0E" controlTypeID="Image" x="46" y="531" w="81" h="46" zOrder="19">
      <URL>DFABB810225E191048731FA7F4A3E6ED.jpg</URL>
    </control>
    <control controlID="FE1A1B23-2784-4E7D-B985-7DA5B5EB4A55" controlTypeID="Image" x="218" y="528" w="63" h="53" zOrder="20">
      <URL>CC21541A6078D27B0DE597DE901C9A59.jpg</URL>
    </control>
    <control controlID="25DE5F5F-73C3-4F68-AB95-D8370FA31D79" controlTypeID="Image" x="216" y="398" w="67" h="53" zOrder="21">
      <URL>DDF6BF33C9928582D3110D439280E852.jpg</URL>
    </control>
    <control controlID="0386C99C-71AC-49E1-B1FC-01D0B1E2F526" controlTypeID="Image" x="56" y="401" w="61" h="46" zOrder="22">
      <URL>E50D0E04AF8DF58CEDCEB051224A8076.png</URL>
    </control>
    <control controlID="D71B666F-A84D-4B45-8312-123BB22F3637" controlTypeID="Image" x="210" y="266" w="81" h="49" zOrder="23">
      <URL>C67A5BB1BBAF14731073FEC066D82CE0.jpg</URL>
    </control>
    <control controlID="330F6DF7-D228-4CED-A407-618FF333E34B" controlTypeID="Image" x="51" y="259" w="70" h="51" zOrder="24">
      <URL>4485B5B1466A52FD18D49551D08204DC.png</URL>
    </control>
    <control controlID="9F951E3B-579B-4E52-9490-68963D792638" controlTypeID="Image" x="220" y="120" w="61" h="56" zOrder="25">
      <URL>24A07C65E75CEF4623CF6FFFFDEB3841.png</URL>
    </control>
    <control controlID="A0C40732-488B-4AFC-B93C-114F90787581" controlTypeID="SlidingDrawer" x="-127" y="200" w="46" h="46" zOrder="26">
      <groupChildrenDescriptors>
        <control controlID="9EA0EC68-25BC-4D82-B693-9B5DB16E933E" controlTypeID="Panel" x="0" y="0" w="360" h="640" zOrder="0">
          <locked>True</locked>
          <color>1879048192</color>
          <borderVisible>False</borderVisible>
          <canMove>False</canMove>
          <alias>background</alias>
          <groupChildrenDescriptors>
            <control controlID="4DB9562B-9079-4553-91EB-8ABC41F92EC2" controlTypeID="Border" x="0" y="0" w="360" h="640" zOrder="0">
              <borderVisible>False</borderVisible>
              <alias>borderLayer</alias>
            </control>
          </groupChildrenDescriptors>
          <thinkness>1</thinkness>
        </control>
        <control controlID="6B7F7326-B11E-4429-A8EE-256BE293005F" controlTypeID="Panel" x="0" y="0" w="288" h="640" zOrder="1">
          <color>4278190080</color>
          <alias>content</alias>
          <groupChildrenDescriptors>
            <control controlID="1F638150-93B8-49FA-91E6-D0221BA019FE" controlTypeID="RadioButtonGroup" x="20" y="57" w="120" h="404" zOrder="0">
              <borderColor>4294967295</borderColor>
              <links eventType="AtClick" animate="AmNone" animateAutoDelay="0" animateDuration="500">
                <link targetPageID="E5EAE05C-94FF-4A79-8844-95D5C20669D3" linkType="ltPageLink" isApplyIncludePage="False" title="Distance">
                  <area shape="0" alt="" ID="{CB8A2A86-18A9-4A70-8C49-99CB6F7D6207}" coords="(0,0,120,36)"/>
                </link>
                <link targetPageID="B8DB6ED8-FD9B-444A-AAF3-7BD42645D0AE" linkType="ltPageLink" isApplyIncludePage="False" title="Area">
                  <area shape="0" alt="" ID="{0EDDAC2B-368B-4C17-A3F9-3C3F6C16E88B}" coords="(0,46,120,82)"/>
                </link>
                <link targetPageID="66744859-55F2-4170-926C-009D232CF964" linkType="ltPageLink" isApplyIncludePage="False" title="Volume">
                  <area shape="0" alt="" ID="{A904FE62-CDFE-4564-9B20-E070D4131BB9}" coords="(0,92,120,128)"/>
                </link>
                <link targetPageID="CD2A816E-8412-4724-AC7C-A5653C1523D2" linkType="ltPageLink" isApplyIncludePage="False" title="Temperature">
                  <area shape="0" alt="" ID="{B251BF8B-C629-443F-B7AC-3D0EC3FC88D5}" coords="(0,138,120,174)"/>
                </link>
                <link targetPageID="CFD9FC20-495E-48DA-A31A-D8B557F035B6" linkType="ltPageLink" isApplyIncludePage="False" title="Digital+Strorage">
                  <area shape="0" alt="" ID="{1510CCF7-00FB-43BE-90B5-E44CCFD2EF94}" coords="(0,184,120,220)"/>
                </link>
                <link targetPageID="10E16C79-61FC-4B04-B843-939AFF0CE8E2" linkType="ltPageLink" isApplyIncludePage="False" title="Weight">
                  <area shape="0" alt="" ID="{FAE60B92-7322-4604-9DE3-E36AF7B4B178}" coords="(0,230,120,266)"/>
                </link>
                <link targetPageID="2838F0D0-F5EE-446B-9EAE-A4151889D5B5" linkType="ltPageLink" isApplyIncludePage="False" title="Time">
                  <area shape="0" alt="" ID="{B62EC7F7-BFC1-4C3C-82C6-168A7FAD6D95}" coords="(0,276,120,312)"/>
                </link>
                <link targetPageID="7CD7E557-73AA-4E47-9CDF-1A13FB94B0A9" linkType="ltPageLink" isApplyIncludePage="False" title="Speed">
                  <area shape="0" alt="" ID="{FBE9F3A4-E33F-401F-85DA-2B43BFBE8772}" coords="(0,322,120,358)"/>
                </link>
                <link targetPageID="E17DAAF4-CE00-48E1-B684-EE30F4685F7C" linkType="ltPageLink" isApplyIncludePage="False" title="Feedback%2Frate">
                  <area shape="0" alt="" ID="{429FD848-3B0B-4F42-B87B-144BD72A9609}" coords="(0,368,120,404)"/>
                </link>
              </links>
              <font family="Segoe+UI" displayName="Segoe+UI" postScript="" weightStyle="Regular" weight="400" isBold="False" isItalic="False"/>
              <text>Distance%0D%0AArea%0D%0AVolume%0D%0ATemperature%0D%0ADigital+Strorage%0D%0AWeight%0D%0ATime%0D%0ASpeed%0D%0AFeedback%2Frate</text>
              <textColor>4294901760</textColor>
              <textSize>14</textSize>
              <lineSpacing>0</lineSpacing>
              <size>15</size>
              <itemHeight>36</itemHeight>
              <itemRect>[{"left":0,"top":0,"right":120,"bottom":36},{"left":0,"top":46,"right":120,"bottom":82},{"left":0,"top":92,"right":120,"bottom":128},{"left":0,"top":138,"right":120,"bottom":174},{"left":0,"top":184,"right":120,"bottom":220},{"left":0,"top":230,"right":120,"bottom":266},{"left":0,"top":276,"right":120,"bottom":312},{"left":0,"top":322,"right":120,"bottom":358},{"left":0,"top":368,"right":120,"bottom":404}]</itemRect>
            </control>
            <control controlID="E050EF19-316E-404D-9C1B-474593EF7569" controlTypeID="Button" x="0" y="0" w="288" h="58" zOrder="1">
              <color>4284900966</color>
              <borderVisible>False</borderVisible>
              <font family="Segoe+UI" displayName="Segoe+UI+Bold" postScript="" weightStyle="Bold" weight="700" isBold="True" isItalic="False" useDefaultFontFamily="False"/>
              <text>Unit+Converter</text>
              <textColor>4294967295</textColor>
              <textSize>18</textSize>
              <lineSpacing>0</lineSpacing>
              <textStyles>[fsBold]</textStyles>
              <useDefaultTextSize>False</useDefaultTextSize>
              <selectedIndex>-1</selectedIndex>
            </control>
            <control controlID="F41B8ADE-7006-4888-9D4A-531E5C1A26A4" controlTypeID="Border" x="0" y="0" w="288" h="640" zOrder="2">
              <alias>borderLayer</alias>
            </control>
          </groupChildrenDescriptors>
          <thinkness>1</thinkness>
        </control>
      </groupChildrenDescriptors>
    </control>
  </controls>
  <param>
    <backgroundColor>4282598211</backgroundColor>
    <fontSize>14</fontSize>
    <fontFamily>Segoe+UI</fontFamily>
    <guideLines/>
  </param>
</mockup>