﻿<mockup version="5.3" minAllowVersion="5.3" ID="CCC90543-FFDF-496C-B9E8-ACEBBAB46794" platform="MtMobile" defaultW="360" defaultH="640" measureW="360" measureH="640" screenOrientation="MoPortrait" mobileScreenScale="1.77777779102325" clipArea="(0,0,0,0)">
  <controls controlCount="1">
    <control controlID="F0EA877C-1F3A-4D5A-87CE-911997F72E24" controlTypeID="RadioButtonGroup" x="0" y="0" w="190" h="404" zOrder="0">
      <links eventType="AtClick" animate="AmNone" animateAutoDelay="0" animateDuration="500">
        <link targetPageID="E5EAE05C-94FF-4A79-8844-95D5C20669D3" linkType="ltPageLink" isApplyIncludePage="False" title="Distance">
          <area shape="0" alt="" ID="{F73DF2E0-5C73-4BF5-9EDC-A35C961C4D5B}" coords="(0,0,190,36)"/>
        </link>
        <link targetPageID="B8DB6ED8-FD9B-444A-AAF3-7BD42645D0AE" linkType="ltPageLink" isApplyIncludePage="False" title="Area">
          <area shape="0" alt="" ID="{E5AAD2F7-8C8E-4D19-A09B-CCBC73D156AB}" coords="(0,46,190,82)"/>
        </link>
        <link targetPageID="66744859-55F2-4170-926C-009D232CF964" linkType="ltPageLink" isApplyIncludePage="False" title="Volume">
          <area shape="0" alt="" ID="{66555439-7B0F-4F1F-B791-C4969266DF9D}" coords="(0,92,190,128)"/>
        </link>
        <link targetPageID="CD2A816E-8412-4724-AC7C-A5653C1523D2" linkType="ltPageLink" isApplyIncludePage="False" title="Temperature">
          <area shape="0" alt="" ID="{2C5B5D34-0855-4F0F-80C4-B5A80CCEA741}" coords="(0,138,190,174)"/>
        </link>
        <link targetPageID="CFD9FC20-495E-48DA-A31A-D8B557F035B6" linkType="ltPageLink" isApplyIncludePage="False" title="Digital+Strorage">
          <area shape="0" alt="" ID="{C5035BE0-BDB7-40BF-8276-9A6ED771D2BE}" coords="(0,184,190,220)"/>
        </link>
        <link targetPageID="10E16C79-61FC-4B04-B843-939AFF0CE8E2" linkType="ltPageLink" isApplyIncludePage="False" title="Weight">
          <area shape="0" alt="" ID="{A5CBD0B3-D537-43BE-AB92-66A5BE60A60D}" coords="(0,230,190,266)"/>
        </link>
        <link targetPageID="2838F0D0-F5EE-446B-9EAE-A4151889D5B5" linkType="ltPageLink" isApplyIncludePage="False" title="Time">
          <area shape="0" alt="" ID="{988B1730-EEEB-4FCF-A4FA-FE4CDAAC8E08}" coords="(0,276,190,312)"/>
        </link>
        <link targetPageID="7CD7E557-73AA-4E47-9CDF-1A13FB94B0A9" linkType="ltPageLink" isApplyIncludePage="False" title="Speed">
          <area shape="0" alt="" ID="{B79E38B0-FFF6-4FB3-8091-7515D1C36311}" coords="(0,322,190,358)"/>
        </link>
        <link targetPageID="E17DAAF4-CE00-48E1-B684-EE30F4685F7C" linkType="ltPageLink" isApplyIncludePage="False" title="Feedback%2Frate">
          <area shape="0" alt="" ID="{68A36CE4-D817-4DCC-A9DA-996C0364DDFD}" coords="(0,368,190,404)"/>
        </link>
      </links>
      <font family="Times+New+Roman" displayName="Times+New+Roman" postScript="" weightStyle="Regular" weight="400" isBold="False" isItalic="False" useDefaultFontFamily="False"/>
      <text>Distance%0D%0AArea%0D%0AVolume%0D%0ATemperature%0D%0ADigital+Strorage%0D%0AWeight%0D%0ATime%0D%0ASpeed%0D%0AFeedback%2Frate%0D%0A</text>
      <textColor>4278255615</textColor>
      <textSize>16</textSize>
      <lineSpacing>0</lineSpacing>
      <useDefaultTextSize>False</useDefaultTextSize>
      <textDirection>tdLeft</textDirection>
      <size>15</size>
      <itemHeight>36</itemHeight>
      <itemRect>[{"left":0,"top":0,"right":190,"bottom":36},{"left":0,"top":46,"right":190,"bottom":82},{"left":0,"top":92,"right":190,"bottom":128},{"left":0,"top":138,"right":190,"bottom":174},{"left":0,"top":184,"right":190,"bottom":220},{"left":0,"top":230,"right":190,"bottom":266},{"left":0,"top":276,"right":190,"bottom":312},{"left":0,"top":322,"right":190,"bottom":358},{"left":0,"top":368,"right":190,"bottom":404}]</itemRect>
    </control>
  </controls>
  <param>
    <backgroundColor>4281545523</backgroundColor>
    <fontSize>20</fontSize>
    <fontFamily>Playbill</fontFamily>
    <remark>lets+go</remark>
    <guideLines/>
  </param>
</mockup>