﻿<mockup version="5.3" minAllowVersion="5.3" ID="6FE89C2B-5320-42AF-8B7A-44F93E3E9B01" platform="MtMobile" defaultW="360" defaultH="640" measureW="360" measureH="640" screenOrientation="MoPortrait" mobileScreenScale="1.77777779102325" clipArea="(0,0,0,0)">
  <controls controlCount="14">
    <control controlID="CD5DA4C0-562E-45F7-9728-8E042DA14200" controlTypeID="Button" x="-5" y="0" w="372" h="79" zOrder="0">
      <color>4284900966</color>
      <borderVisible>False</borderVisible>
      <font family="Segoe+UI" displayName="Segoe+UI+Bold" postScript="" weightStyle="Bold" weight="700" isBold="True" isItalic="False" useDefaultFontFamily="False"/>
      <text>Unit+Converter</text>
      <textColor>4294967295</textColor>
      <textSize>20</textSize>
      <lineSpacing>0</lineSpacing>
      <textStyles>[fsBold]</textStyles>
      <selectedIndex>-1</selectedIndex>
    </control>
    <control controlID="4FFAA87A-6A72-4A7B-B563-F739AA124FBA" controlTypeID="Button" x="55" y="80" w="240" h="48" zOrder="1">
      <color>4284900966</color>
      <borderVisible>False</borderVisible>
      <font family="Roman" displayName="Roman_%26_Bold" postScript="" weightStyle="Bold" weight="700" isBold="True" isItalic="False" useDefaultFontFamily="False"/>
      <text>Temperature</text>
      <textColor>4294967295</textColor>
      <textSize>20</textSize>
      <lineSpacing>0</lineSpacing>
      <textStyles>[fsBold]</textStyles>
      <selectedIndex>-1</selectedIndex>
    </control>
    <control controlID="394AC56A-FCCD-47A2-A90E-428FDFA40F20" controlTypeID="TextInput" x="82" y="234" w="179" h="39" zOrder="2">
      <font family="Roman" displayName="Roman_%26_Bold" postScript="" weightStyle="Bold" weight="700" isBold="True" isItalic="False" useDefaultFontFamily="False"/>
      <textSize>20</textSize>
      <textAlign>HaCenter</textAlign>
      <lineSpacing>0</lineSpacing>
      <textStyles>[fsBold]</textStyles>
      <selectedIndex>-1</selectedIndex>
      <placeHolder>Enter+number</placeHolder>
      <inputModel>emNumber</inputModel>
      <radius>100</radius>
      <radiusIsPercent>True</radiusIsPercent>
    </control>
    <control controlID="45970866-CBD0-404D-A2F9-E52B93F753AE" controlTypeID="Icon" x="2" y="80" w="43" h="43" zOrder="3">
      <links eventType="AtClick" animate="AmNone" animateAutoDelay="0" animateDuration="500">
        <link targetPageID="B0D3389A-5C16-4C5A-B4DE-E1E7FE753642" linkType="ltPageLink" isApplyIncludePage="False" title="Home">
          <area shape="0" alt="" ID="{EAEA59A1-7461-4496-8DB7-01180757FB91}" coords="(0,0,43,43)"/>
        </link>
      </links>
      <icon>
        <ID/>
        <iconFontName>jdIonicons</iconFontName>
        <iconCode>62351</iconCode>
      </icon>
      <URL>00B95EF219967F400695DB20B0044ACF.svg</URL>
    </control>
    <control controlID="5F4099D1-A25A-4CA4-A6A5-9505A375898E" controlTypeID="CompositeComboBox" x="106" y="169" w="133" h="33" zOrder="4">
      <color>4288269465</color>
      <borderColor>4288256460</borderColor>
      <borderVisible>False</borderVisible>
      <groupChildrenDescriptors>
        <control controlID="EFF479B0-ABA3-4916-B1C8-E5A7E726A978" controlTypeID="TextInput" x="0" y="0" w="110" h="33" zOrder="0">
          <locked>True</locked>
          <color>4288269465</color>
          <borderColor>4288256460</borderColor>
          <borderVisible>False</borderVisible>
          <canMove>False</canMove>
          <alias>input</alias>
          <font family="Roman" displayName="Roman_%26_Bold" postScript="" weightStyle="Bold" weight="700" isBold="True" isItalic="False" useDefaultFontFamily="False"/>
          <text>Celsius</text>
          <textSize>12</textSize>
          <lineSpacing>0</lineSpacing>
          <textStyles>[fsBold]</textStyles>
          <selectedIndex>-1</selectedIndex>
        </control>
        <control controlID="EDA7A846-B79F-41DF-B0F5-805C41005043" controlTypeID="Button" x="109" y="0" w="24" h="33" zOrder="1">
          <locked>True</locked>
          <color>4288269465</color>
          <borderColor>4288256460</borderColor>
          <borderVisible>False</borderVisible>
          <canMove>False</canMove>
          <alias>button</alias>
          <font family="Roman" displayName="Roman" postScript="" weightStyle="" weight="400" isBold="False" isItalic="False"/>
          <textSize>20</textSize>
          <lineSpacing>0</lineSpacing>
          <selectedIndex>-1</selectedIndex>
          <radius>0</radius>
        </control>
        <control controlID="E678F17F-4B69-4A9C-945D-81ECAE76BB1F" controlTypeID="List" x="0" y="33" w="133" h="99" zOrder="2">
          <isShow>False</isShow>
          <borderColor>4288256460</borderColor>
          <borderVisible>False</borderVisible>
          <canMove>False</canMove>
          <alias>dropDown</alias>
          <font family="Roman" displayName="Roman_%26_Bold" postScript="" weightStyle="Bold" weight="700" isBold="True" isItalic="False" useDefaultFontFamily="False"/>
          <text>Celsius%0D%0AFahreheit%0D%0AKelvin</text>
          <lineSpacing>0</lineSpacing>
          <textStyles>[fsBold]</textStyles>
          <itemHeight>33</itemHeight>
          <interlaceColor>4294967295</interlaceColor>
        </control>
      </groupChildrenDescriptors>
      <baseHeight>33</baseHeight>
      <font family="%E5%BE%AE%E8%BD%AF%E9%9B%85%E9%BB%91"/>
      <textStyles>[fsBold]</textStyles>
    </control>
    <control controlID="4CA88235-1DB7-4193-9423-7F0D3FE9011D" controlTypeID="Button" x="38" y="310" w="284" h="45" zOrder="5">
      <color>4284900966</color>
      <borderVisible>False</borderVisible>
      <font family="Roman" displayName="Roman_%26_Bold" postScript="" weightStyle="Bold" weight="700" isBold="True" isItalic="False" useDefaultFontFamily="False"/>
      <text>Select+to+convert</text>
      <textColor>4294967295</textColor>
      <lineSpacing>0</lineSpacing>
      <textStyles>[fsBold]</textStyles>
      <useDefaultTextSize>False</useDefaultTextSize>
      <selectedIndex>-1</selectedIndex>
    </control>
    <control controlID="09589088-FB6C-41CD-B19A-A67F27FC8080" controlTypeID="CompositeComboBox" x="106" y="384" w="133" h="35" zOrder="6">
      <color>4288269465</color>
      <borderVisible>False</borderVisible>
      <groupChildrenDescriptors>
        <control controlID="C77FDBCD-ED2B-4D52-8EE5-F4B49BB2CA81" controlTypeID="TextInput" x="0" y="0" w="110" h="35" zOrder="0">
          <locked>True</locked>
          <color>4288269465</color>
          <borderVisible>False</borderVisible>
          <canMove>False</canMove>
          <alias>input</alias>
          <font family="Roman" displayName="Roman_%26_Bold" postScript="" weightStyle="Bold" weight="700" isBold="True" isItalic="False" useDefaultFontFamily="False"/>
          <text>Celsius</text>
          <textSize>12</textSize>
          <lineSpacing>0</lineSpacing>
          <textStyles>[fsBold]</textStyles>
          <selectedIndex>-1</selectedIndex>
        </control>
        <control controlID="F76F2698-55BE-4B3E-BDE9-8712784067CD" controlTypeID="Button" x="109" y="0" w="24" h="35" zOrder="1">
          <locked>True</locked>
          <color>4288269465</color>
          <borderVisible>False</borderVisible>
          <canMove>False</canMove>
          <alias>button</alias>
          <font family="Roman" displayName="Roman" postScript="" weightStyle="" weight="400" isBold="False" isItalic="False"/>
          <textSize>20</textSize>
          <lineSpacing>0</lineSpacing>
          <selectedIndex>-1</selectedIndex>
          <radius>0</radius>
        </control>
        <control controlID="1F32B9F9-130B-499D-B866-D71328211BF5" controlTypeID="List" x="0" y="35" w="133" h="105" zOrder="2">
          <isShow>False</isShow>
          <borderVisible>False</borderVisible>
          <canMove>False</canMove>
          <alias>dropDown</alias>
          <font family="Roman" displayName="Roman_%26_Bold" postScript="" weightStyle="Bold" weight="700" isBold="True" isItalic="False" useDefaultFontFamily="False"/>
          <text>Celsius%0D%0AFahreheit%0D%0AKelvin</text>
          <lineSpacing>0</lineSpacing>
          <textStyles>[fsBold]</textStyles>
          <itemHeight>35</itemHeight>
          <interlaceColor>4294967295</interlaceColor>
        </control>
      </groupChildrenDescriptors>
      <baseHeight>35</baseHeight>
      <font family="%E5%BE%AE%E8%BD%AF%E9%9B%85%E9%BB%91"/>
      <textStyles>[fsBold]</textStyles>
    </control>
    <control controlID="F92CA490-6DB1-41FA-876D-535780B983BA" controlTypeID="TextInput" x="82" y="444" w="179" h="39" zOrder="7">
      <font family="Roman" displayName="Roman_%26_Bold" postScript="" weightStyle="Bold" weight="700" isBold="True" isItalic="False" useDefaultFontFamily="False"/>
      <text>123</text>
      <textSize>20</textSize>
      <textAlign>HaCenter</textAlign>
      <lineSpacing>0</lineSpacing>
      <textStyles>[fsBold]</textStyles>
      <selectedIndex>-1</selectedIndex>
      <placeHolder>Enter+number</placeHolder>
      <inputModel>emNumber</inputModel>
      <radius>100</radius>
      <radiusIsPercent>True</radiusIsPercent>
    </control>
  </controls>
  <param>
    <backgroundColor>4291611852</backgroundColor>
    <fontSize>20</fontSize>
    <fontFamily>Roman</fontFamily>
    <remark>lets+go</remark>
    <guideLines/>
  </param>
</mockup>