﻿<mockup version="5.3" minAllowVersion="5.3" ID="E17DAAF4-CE00-48E1-B684-EE30F4685F7C" platform="MtMobile" defaultW="360" defaultH="640" measureW="360" measureH="640" screenOrientation="MoPortrait" mobileScreenScale="1.77777779102325" clipArea="(0,0,0,0)">
  <controls controlCount="10">
    <control controlID="F601FD3A-8665-4BEC-BB65-3BA2463D700A" controlTypeID="Button" x="99" y="71" w="140" h="36" zOrder="0">
      <color>4281584691</color>
      <borderVisible>False</borderVisible>
      <font family="Palatino+Linotype" displayName="Palatino+Linotype+Bold" postScript="" weightStyle="Bold" weight="700" isBold="True" isItalic="False" useDefaultFontFamily="False"/>
      <text>Give+us+feedback</text>
      <textColor>4294967295</textColor>
      <textSize>12</textSize>
      <lineSpacing>0</lineSpacing>
      <textStyles>[fsBold]</textStyles>
      <selectedIndex>-1</selectedIndex>
      <radius>100</radius>
      <radiusIsPercent>True</radiusIsPercent>
    </control>
    <control controlID="7455C6EE-F25D-4C5F-9C7F-9669F77EB62C" controlTypeID="Line" x="39" y="176" w="262" h="1" zOrder="1">
      <font family="Playbill" displayName="Playbill" postScript="" weightStyle="Regular" weight="400" isBold="False" isItalic="False"/>
      <textSize>20</textSize>
      <lineSpacing>0</lineSpacing>
      <selectedIndex>-1</selectedIndex>
      <controlPoint>(132,0)</controlPoint>
      <startPoint>(1,0)</startPoint>
      <endPoint>(262,0)</endPoint>
    </control>
    <control controlID="6336D7A2-1811-4AF5-A0EE-921C090A30B2" controlTypeID="Line" x="38" y="210" w="261" h="1" zOrder="2">
      <font family="Playbill" displayName="Playbill" postScript="" weightStyle="Regular" weight="400" isBold="False" isItalic="False"/>
      <textSize>20</textSize>
      <lineSpacing>0</lineSpacing>
      <selectedIndex>-1</selectedIndex>
      <controlPoint>(130,0)</controlPoint>
      <startPoint>(0,0)</startPoint>
      <endPoint>(261,0)</endPoint>
    </control>
    <control controlID="F1AAA575-2B7A-4C4B-AD90-5054E4E61CD6" controlTypeID="Line" x="41" y="246" w="259" h="1" zOrder="3">
      <font family="Playbill" displayName="Playbill" postScript="" weightStyle="Regular" weight="400" isBold="False" isItalic="False"/>
      <textSize>20</textSize>
      <lineSpacing>0</lineSpacing>
      <selectedIndex>-1</selectedIndex>
      <controlPoint>(130,0)</controlPoint>
      <startPoint>(0,0)</startPoint>
      <endPoint>(259,0)</endPoint>
    </control>
    <control controlID="BFB54FD0-3881-40B3-ACA4-8E63A86E0844" controlTypeID="Line" x="38" y="275" w="262" h="1" zOrder="4">
      <font family="Playbill" displayName="Playbill" postScript="" weightStyle="Regular" weight="400" isBold="False" isItalic="False"/>
      <textSize>20</textSize>
      <lineSpacing>0</lineSpacing>
      <selectedIndex>-1</selectedIndex>
      <controlPoint>(131,0)</controlPoint>
      <startPoint>(0,0)</startPoint>
      <endPoint>(262,0)</endPoint>
    </control>
    <control controlID="F6DEFEC2-6718-4EC4-A20E-EFA0433C028C" controlTypeID="Button" x="134" y="300" w="77" h="40" zOrder="5">
      <color>4278229452</color>
      <borderVisible>False</borderVisible>
      <font family="Palatino+Linotype" displayName="Palatino+Linotype+Bold" postScript="" weightStyle="Bold" weight="700" isBold="True" isItalic="False" useDefaultFontFamily="False"/>
      <text>Sent</text>
      <textColor>4294967295</textColor>
      <textSize>12</textSize>
      <lineSpacing>0</lineSpacing>
      <textStyles>[fsBold]</textStyles>
      <selectedIndex>-1</selectedIndex>
      <radius>100</radius>
      <radiusIsPercent>True</radiusIsPercent>
    </control>
    <control controlID="9E12AD09-2938-4691-BE6D-C4A35CAED001" controlTypeID="Button" x="130" y="374" w="84" h="36" zOrder="6">
      <color>4281584691</color>
      <borderVisible>False</borderVisible>
      <font family="Palatino+Linotype" displayName="Palatino+Linotype+Bold" postScript="" weightStyle="Bold" weight="700" isBold="True" isItalic="False" useDefaultFontFamily="False"/>
      <text>Rate+us</text>
      <textColor>4294967295</textColor>
      <lineSpacing>0</lineSpacing>
      <textStyles>[fsBold]</textStyles>
      <useDefaultTextSize>False</useDefaultTextSize>
      <selectedIndex>-1</selectedIndex>
      <radius>100</radius>
      <radiusIsPercent>True</radiusIsPercent>
    </control>
    <control controlID="A91314BC-18F4-4D47-AB66-9409170813D7" controlTypeID="ButtonBar" x="44" y="453" w="250" h="48" zOrder="7">
      <borderColor>4294901760</borderColor>
      <font family="Palatino+Linotype" displayName="Palatino+Linotype" postScript="" weightStyle="Regular" weight="400" isBold="False" isItalic="False" useDefaultFontFamily="False"/>
      <text>1+%2C+2+%2C+3+%2C+4+%2C+5</text>
      <textColor>4294967040</textColor>
      <textSize>20</textSize>
      <lineSpacing>0</lineSpacing>
      <selectedColor>4294967295</selectedColor>
    </control>
    <control controlID="4BD2A7EC-D9B1-438B-8249-B5E66511BB6D" controlTypeID="Icon" x="322" y="0" w="38" h="38" zOrder="8">
      <color>4294967295</color>
      <links eventType="AtClick" animate="AmNone" animateAutoDelay="0" animateDuration="500">
        <link targetPageID="B0D3389A-5C16-4C5A-B4DE-E1E7FE753642" linkType="ltPageLink" isApplyIncludePage="False" title="Home">
          <area shape="0" alt="" ID="{79C92338-D15D-4FBF-B0E8-DE75B4A4A681}" coords="(0,0,38,38)"/>
        </link>
      </links>
      <icon>
        <ID/>
        <iconFontName>jdIonicons</iconFontName>
        <iconCode>62351</iconCode>
      </icon>
      <URL>00B95EF219967F400695DB20B0044ACF.svg</URL>
    </control>
    <control controlID="EFB1A02B-3DEC-41EC-A926-6E52597E6F2C" controlTypeID="Icon" x="4" y="1" w="37" h="37" zOrder="9">
      <color>4294967295</color>
      <links eventType="AtClick" animate="AmNone" animateAutoDelay="0" animateDuration="500">
        <link targetPageID="B0D3389A-5C16-4C5A-B4DE-E1E7FE753642" linkType="ltPageLink" isApplyIncludePage="False" title="Home">
          <area shape="0" alt="" ID="{3F7ABF2D-03A0-4051-B3E3-0ACD5AB951A7}" coords="(0,0,37,37)"/>
        </link>
      </links>
      <icon>
        <ID/>
        <iconFontName>jdIonicons</iconFontName>
        <iconCode>62154</iconCode>
      </icon>
      <URL>D95E480717200F895E41DB6E5B869596.svg</URL>
    </control>
  </controls>
  <param>
    <backgroundColor>4281545523</backgroundColor>
    <fontSize>20</fontSize>
    <fontFamily>Playbill</fontFamily>
    <remark>lets+go</remark>
    <guideLines/>
  </param>
</mockup>