﻿<project version="2.9" name="Project" ID="DA125368-B31B-4E2A-B4D9-731F109EA9AF">
  <params>
    <pageParam version="5.3" minAllowVersion="5.3"/>
    <projectParam version="2.9" minAllowVersion="2.9" platform="MtMobile" orientation="MoPortrait" mobileScreenScale="1.77777779102325" mobileType="mmtAndroid" pageSize="(360,640)" backgroundColor="4294967295" fontSize="0" fontFamily="" projectType="ptPersonalProject" isShowTitleIndex="False"/>
    <previewParam version="1.0"/>
    <colorParam version="1.0"/>
  </params>
  <pages>
    <page name="Main page" ID="1A7F13FF-9B5C-4303-905B-06A581261766" expanded="True" code="LQqdwYn6Z3" thumbCode="UnVzshcD7Z" isLastOpen="True" status="psWhite" isfolder="False" isshownode="True">
      <images>
        <image key="4CF09A241D5D95A35AC4A067B404BA4D.png"/>
      </images>
    </page>
    <page name="Home" ID="B0D3389A-5C16-4C5A-B4DE-E1E7FE753642" expanded="True" code="tuULKvG5i8" thumbCode="tuULKvG5i8" status="psWhite" isfolder="False" isshownode="True">
      <images>
        <image key="DFABB810225E191048731FA7F4A3E6ED.jpg"/>
        <image key="C67A5BB1BBAF14731073FEC066D82CE0.jpg"/>
        <image key="DDF6BF33C9928582D3110D439280E852.jpg"/>
        <image key="4485B5B1466A52FD18D49551D08204DC.png"/>
        <image key="E50D0E04AF8DF58CEDCEB051224A8076.png"/>
        <image key="24A07C65E75CEF4623CF6FFFFDEB3841.png"/>
        <image key="D9CE39CAA2C488188BF922BD18FCD68B.svg"/>
        <image key="CC21541A6078D27B0DE597DE901C9A59.jpg"/>
        <image key="9AB0D77FFAD10BCD7FFE97D56DC741DC.png"/>
      </images>
    </page>
    <page name="feedback" ID="E17DAAF4-CE00-48E1-B684-EE30F4685F7C" expanded="True" code="mnZWzxMJyq" thumbCode="mnZWzxMJyq" status="psWhite" isfolder="False" isshownode="True">
      <images>
        <image key="00B95EF219967F400695DB20B0044ACF.svg"/>
        <image key="D95E480717200F895E41DB6E5B869596.svg"/>
      </images>
    </page>
    <page name="Area" ID="B8DB6ED8-FD9B-444A-AAF3-7BD42645D0AE" expanded="True" code="JRk9lXSpg1" thumbCode="JRk9lXSpg1" status="psWhite" isfolder="False" isshownode="True">
      <images>
        <image key="00B95EF219967F400695DB20B0044ACF.svg"/>
      </images>
    </page>
    <page name="Distance" ID="E5EAE05C-94FF-4A79-8844-95D5C20669D3" expanded="True" code="Rw1X3dDc9B" thumbCode="fgpBIkgnal" status="psWhite" isfolder="False" isshownode="True">
      <images>
        <image key="00B95EF219967F400695DB20B0044ACF.svg"/>
      </images>
    </page>
    <page name="Speed" ID="7CD7E557-73AA-4E47-9CDF-1A13FB94B0A9" expanded="True" code="mA66Oe2ttd" thumbCode="o5a717brX1" status="psWhite" isfolder="False" isshownode="True">
      <images>
        <image key="00B95EF219967F400695DB20B0044ACF.svg"/>
      </images>
    </page>
    <page name="Time" ID="2838F0D0-F5EE-446B-9EAE-A4151889D5B5" expanded="True" code="GCAKUwnQVr" thumbCode="k7F1CCMEcz" status="psWhite" isfolder="False" isshownode="True">
      <images>
        <image key="00B95EF219967F400695DB20B0044ACF.svg"/>
      </images>
    </page>
    <page name="Digitals" ID="CFD9FC20-495E-48DA-A31A-D8B557F035B6" expanded="True" code="wYOgTSYqZ7" thumbCode="wYOgTSYqZ7" status="psWhite" isfolder="False" isshownode="True">
      <images>
        <image key="00B95EF219967F400695DB20B0044ACF.svg"/>
      </images>
    </page>
    <page name="Temp" ID="CD2A816E-8412-4724-AC7C-A5653C1523D2" expanded="True" code="zmHyg8Y42Q" thumbCode="SGX6ewQzku" status="psWhite" isfolder="False" isshownode="True">
      <images>
        <image key="00B95EF219967F400695DB20B0044ACF.svg"/>
      </images>
    </page>
    <page name="Weight" ID="10E16C79-61FC-4B04-B843-939AFF0CE8E2" expanded="True" code="hVtn9l575g" thumbCode="YXXgZSHdg6" status="psWhite" isfolder="False" isshownode="True">
      <images>
        <image key="00B95EF219967F400695DB20B0044ACF.svg"/>
      </images>
    </page>
    <page name="Volume" ID="66744859-55F2-4170-926C-009D232CF964" expanded="True" code="5YGPspeRBo" thumbCode="YXVCHHlAyc" status="psWhite" isfolder="False" isshownode="True">
      <images>
        <image key="00B95EF219967F400695DB20B0044ACF.svg"/>
      </images>
    </page>
  </pages>
  <trash>
    <page name="Area" ID="52D4A8F5-CE81-4801-9E34-1951EA947357" expanded="False" code="xOCxd2diR4" thumbCode="94eyiteUOX" isLastOpen="True" status="psWhite" isfolder="False" isshownode="True"/>
    <page name="Home3" ID="1090C9DE-8C4D-4541-B526-FBFB1F73C9F1" expanded="True" code="so5Hsn6W5H" thumbCode="SP6WNactgt" isLastOpen="True" status="psWhite" isfolder="False" isshownode="True"/>
    <page name="Home5" ID="802FCCEE-4E2D-4A7E-B7D9-985C169947E5" expanded="False" code="EIRWuxvSys" thumbCode="9Dbhn5ePBm" isLastOpen="True" status="psWhite" isfolder="False" isshownode="True"/>
    <page name="Home4" ID="A07D48D7-2FA8-423E-A0BE-D61E48430FF9" expanded="True" code="H2VoQbwdOz" thumbCode="fpDLD36oos" isLastOpen="True" status="psWhite" isfolder="False" isshownode="True"/>
    <page name="Distance" ID="0ED1F560-B772-4BFD-A610-87330E997B53" expanded="False" code="LbGdz42rEo" thumbCode="ifKNLYf2qK" isLastOpen="True" status="psWhite" isfolder="False" isshownode="True">
      <images>
        <image key="00B95EF219967F400695DB20B0044ACF.svg"/>
      </images>
    </page>
    <page name="Area" ID="6FE89C2B-5320-42AF-8B7A-44F93E3E9B01" expanded="True" code="qJKPcQ7oHO" thumbCode="QUPLav3Dq3" isLastOpen="True" status="psWhite" isfolder="False" isshownode="True">
      <images>
        <image key="00B95EF219967F400695DB20B0044ACF.svg"/>
      </images>
    </page>
    <page name="Distance" ID="70438B9B-EEFB-4B70-A68E-E43868E0F481" expanded="True" code="cDJ2Evphbv" thumbCode="oHzP4Y94J2" isLastOpen="True" status="psWhite" isfolder="False" isshownode="True">
      <images>
        <image key="00B95EF219967F400695DB20B0044ACF.svg"/>
      </images>
    </page>
    <page name="Speed" ID="0294572D-4EBB-4926-8676-FD3E746392B3" expanded="True" code="OchUjUa2E8" thumbCode="QYPaGxCpPR" isLastOpen="True" status="psWhite" isfolder="False" isshownode="True">
      <images>
        <image key="00B95EF219967F400695DB20B0044ACF.svg"/>
      </images>
    </page>
    <page name="Time" ID="1FE23CE2-2E07-465C-95F3-6733A40FC792" expanded="True" code="WPhYPQF8lG" thumbCode="AkZPT7U3ns" isLastOpen="True" status="psWhite" isfolder="False" isshownode="True">
      <images>
        <image key="00B95EF219967F400695DB20B0044ACF.svg"/>
      </images>
    </page>
    <page name="DigitalS" ID="9CFFFB75-F8E9-4BF3-83BA-93B58FAAC31C" expanded="True" code="rfNEQiEmIO" thumbCode="n97fP3oosg" isLastOpen="True" status="psWhite" isfolder="False" isshownode="True">
      <images>
        <image key="00B95EF219967F400695DB20B0044ACF.svg"/>
      </images>
    </page>
    <page name="Temperature" ID="FC0984D9-4608-425F-90CA-3A9150CFE959" expanded="True" code="pVEH5G4bfq" thumbCode="fsSu9w3ESM" isLastOpen="True" status="psWhite" isfolder="False" isshownode="True">
      <images>
        <image key="00B95EF219967F400695DB20B0044ACF.svg"/>
      </images>
    </page>
    <page name="Weight" ID="547D35B1-E9D0-4F15-8F28-EBA07E0AD64B" expanded="True" code="2qkinpFvPD" thumbCode="QctY8uNvm6" isLastOpen="True" status="psWhite" isfolder="False" isshownode="True">
      <images>
        <image key="00B95EF219967F400695DB20B0044ACF.svg"/>
      </images>
    </page>
    <page name="Volume" ID="9C39F331-97C4-49D7-B188-585930FA4733" expanded="True" code="6DHDIXTyqy" thumbCode="bCxSqSZGcR" isLastOpen="True" status="psWhite" isfolder="False" isshownode="True">
      <images>
        <image key="00B95EF219967F400695DB20B0044ACF.svg"/>
      </images>
    </page>
    <page name="Nav" ID="CCC90543-FFDF-496C-B9E8-ACEBBAB46794" expanded="True" code="F82DHYb6rd" thumbCode="yfZvfC8hik" isLastOpen="True" status="psWhite" isfolder="False" isshownode="True"/>
  </trash>
  <deletes/>
  <masters/>
  <images>
    <image key="4CF09A241D5D95A35AC4A067B404BA4D.png"/>
    <image key="CC21541A6078D27B0DE597DE901C9A59.jpg"/>
    <image key="C67A5BB1BBAF14731073FEC066D82CE0.jpg"/>
    <image key="9AB0D77FFAD10BCD7FFE97D56DC741DC.png"/>
    <image key="DDF6BF33C9928582D3110D439280E852.jpg"/>
    <image key="4485B5B1466A52FD18D49551D08204DC.png"/>
    <image key="00B95EF219967F400695DB20B0044ACF.svg"/>
    <image key="E50D0E04AF8DF58CEDCEB051224A8076.png"/>
    <image key="24A07C65E75CEF4623CF6FFFFDEB3841.png"/>
    <image key="D9CE39CAA2C488188BF922BD18FCD68B.svg"/>
    <image key="D95E480717200F895E41DB6E5B869596.svg"/>
    <image key="DFABB810225E191048731FA7F4A3E6ED.jpg"/>
  </images>
</project>